ticker,t,Price,VIX_wk,VIX_mn,VIX_sp
AAAA,2017-06-13T09:31:00Z,147.39,22.9066976456027,25.4380797276318,22.8668880559401
AAAA,2017-06-13T09:32:00Z,147.13,22.8367548867994,25.7154876427476,22.8261039354906
AAAA,2017-06-13T09:33:00Z,147.015,22.781213403625,25.5992914509853,22.769425752524
AAAA,2017-06-13T09:34:00Z,146.8,22.7482164265375,25.4874964285676,22.7470719455823
AAAA,2017-06-13T09:35:00Z,146.63,22.7530769158553,25.4439060759876,22.754061084717
AAAA,2017-06-13T09:36:00Z,146.685,22.565326532114,25.0692475237742,22.5654685691859
AAAA,2017-06-13T09:37:00Z,146.505,22.5406250804281,24.8900222316903,22.5499034888271
AAAA,2017-06-13T09:38:00Z,146.545,22.4717214507363,24.7421502501356,22.4813679791711
AAAA,2017-06-13T09:39:00Z,146.485,22.4432191934912,24.7428120616971,22.4478600314882
AAAA,2017-06-13T09:40:00Z,146.615,22.3319741650154,24.5027513489335,22.3396660127254
AAAA,2017-06-13T09:41:00Z,146.915,22.0958742210392,24.3319871840114,22.1079109111595
AAAA,2017-06-13T09:42:00Z,146.945,21.9677602755524,24.2296162946134,21.9721154629192
AAAA,2017-06-13T09:43:00Z,146.84,21.9496359478146,24.1588412618846,21.9574761693532
AAAA,2017-06-13T09:44:00Z,147.1,21.7958372606456,23.9761885660938,21.7982975047678
AAAA,2017-06-13T09:45:00Z,147.085,21.7945877213035,23.8559234067512,21.7958861468275
AAAA,2017-06-13T09:46:00Z,147.015,21.7656217284489,23.8250378765378,21.7627124830996
AAAA,2017-06-13T09:47:00Z,147.285,21.606654070789,23.5872836532537,21.5984698136035
AAAA,2017-06-13T09:48:00Z,147.26,21.5173352833071,23.5551358386807,21.5033535992062
AAAA,2017-06-13T09:49:00Z,147.255,21.4160459256841,23.566234031678,21.3933706123465
AAAA,2017-06-13T09:50:00Z,147.24,21.4491862427887,23.5426357211262,21.4226534438715
AAAA,2017-06-13T09:51:00Z,147.195,21.4504931845575,23.5228438076353,21.4249865234574
AAAA,2017-06-13T09:52:00Z,147.14,21.4315848244188,23.494365901899,21.4038403578188
AAAA,2017-06-13T09:53:00Z,147.085,21.4287548669573,23.4971985587953,21.4004418949783
AAAA,2017-06-13T09:54:00Z,146.94,21.4374203452187,23.4588803337868,21.4075608399352
AAAA,2017-06-13T09:55:00Z,146.875,21.4348843177578,23.5137487523258,21.4054165861365
AAAA,2017-06-13T09:56:00Z,146.79,21.3872140928449,23.5422044216365,21.34238143712
AAAA,2017-06-13T09:57:00Z,146.765,21.3980483041685,23.3448356354274,21.3555764415274
AAAA,2017-06-13T09:58:00Z,146.695,21.3796164637116,23.4786593483806,21.3574535552501
AAAA,2017-06-13T09:59:00Z,146.685,21.333756856321,23.4000209676673,21.3073756425437
AAAA,2017-06-13T10:00:00Z,146.725,21.3181032487031,23.35050358073,21.2843356471163
AAAA,2017-06-13T10:01:00Z,146.58,21.301760621693,23.3676914586485,21.261110280485
AAAA,2017-06-13T10:02:00Z,146.435,21.3348597142033,23.3434253071896,21.2972593107514
AAAA,2017-06-13T10:03:00Z,146.365,21.354830874518,23.3745337908308,21.3207351187175
AAAA,2017-06-13T10:04:00Z,146.355,21.3509510251909,23.373743029151,21.3100060536518
AAAA,2017-06-13T10:05:00Z,146.335,21.3679652869429,23.4739449171379,21.3304523986798
AAAA,2017-06-13T10:06:00Z,146.285,21.4070706675042,23.5057810914308,21.3650910472415
AAAA,2017-06-13T10:07:00Z,146.29,21.4103963925055,23.5402237747431,21.3670021750896
AAAA,2017-06-13T10:08:00Z,146.165,21.4790952979613,23.6463359029441,21.440730169286
AAAA,2017-06-13T10:09:00Z,146.085,21.4717804326289,23.7179531432594,21.4221860942762
AAAA,2017-06-13T10:10:00Z,146.275,21.4664262405547,23.6597186416122,21.4160032236813
AAAA,2017-06-13T10:11:00Z,146.16,21.4629349387287,23.6350733102435,21.4117980355119
AAAA,2017-06-13T10:12:00Z,146.295,21.4606368374756,23.6068196715543,21.4109825617144
AAAA,2017-06-13T10:13:00Z,146.215,21.4644889157539,23.660811499807,21.4175877494573
AAAA,2017-06-13T10:14:00Z,146.255,21.4500245522426,23.5949406954719,21.4015491902871
AAAA,2017-06-13T10:15:00Z,146.38,21.4163690936131,23.4738589968425,21.3718346191685
AAAA,2017-06-13T10:16:00Z,146.455,21.3948084613581,23.4559973764469,21.3489364889604
AAAA,2017-06-13T10:17:00Z,146.265,21.4284898926282,23.4434884988582,21.3985861866704
AAAA,2017-06-13T10:18:00Z,146.255,21.4312455578757,23.3066278920008,21.4046852280152
AAAA,2017-06-13T10:19:00Z,146.115,21.4338058451873,23.4046603867562,21.4081969336744
AAAA,2017-06-13T10:20:00Z,146.175,21.4396664393296,23.3501888685748,21.4167902585898
AAAA,2017-06-13T10:21:00Z,146.125,21.4363708451113,23.3911855555747,21.4057544734502
AAAA,2017-06-13T10:22:00Z,146.29,21.3985627459495,23.4333546471371,21.3724979423757
AAAA,2017-06-13T10:23:00Z,146.245,21.4035916936298,23.4747383969741,21.3843944825305
AAAA,2017-06-13T10:24:00Z,146.375,21.3747847168796,23.4185804873631,21.3529813787668
AAAA,2017-06-13T10:25:00Z,146.155,21.405307436484,23.5161672986628,21.3775807198483
AAAA,2017-06-13T10:26:00Z,146.155,21.4126216008303,23.4799620470214,21.3814527386974
AAAA,2017-06-13T10:27:00Z,146.02,21.433263149288,23.5416012500807,21.4043285937184
AAAA,2017-06-13T10:28:00Z,146.15,21.4059027893114,23.5222535346429,21.3819044960727
AAAA,2017-06-13T10:29:00Z,146.115,21.3896481752958,23.5624874896336,21.3573605178624
AAAA,2017-06-13T10:30:00Z,146.235,21.3768142109303,23.5728935116007,21.3444024274229
AAAA,2017-06-13T10:31:00Z,146.405,21.3626467406723,23.6002085280892,21.3461309031848
AAAA,2017-06-13T10:32:00Z,146.39,21.3780454025377,23.6187438106343,21.3667925434504
AAAA,2017-06-13T10:33:00Z,146.4,21.3443497635785,23.5667785454042,21.3267986437445
AAAA,2017-06-13T10:34:00Z,146.555,21.2307332764916,23.2813735451399,21.2009116744514
AAAA,2017-06-13T10:35:00Z,146.505,21.2491886839159,23.3240805044349,21.2153135516358
AAAA,2017-06-13T10:36:00Z,146.47,21.2407653862309,23.1753461611073,21.2110040311803
AAAA,2017-06-13T10:37:00Z,146.47,21.2347491834714,23.0692975439117,21.2042846314917
AAAA,2017-06-13T10:38:00Z,146.475,21.2324298697307,23.0347065704978,21.2017071240581
AAAA,2017-06-13T10:39:00Z,146.415,21.2240482187575,22.9991708402568,21.1887598124359
AAAA,2017-06-13T10:40:00Z,146.4,21.2244403561117,22.9801941253334,21.2009160963854
AAAA,2017-06-13T10:41:00Z,146.295,21.2168466365246,22.9727339179024,21.1894789665836
AAAA,2017-06-13T10:42:00Z,146.195,21.2089856191376,22.9627564680295,21.1829696414083
AAAA,2017-06-13T10:43:00Z,146.2,21.1779319078977,22.9297319103578,21.1464972837065
AAAA,2017-06-13T10:44:00Z,146.225,21.1819983861138,22.8514525786611,21.152463146005
AAAA,2017-06-13T10:45:00Z,146.15,21.1714326741619,22.8439620553318,21.1398505239747
AAAA,2017-06-13T10:46:00Z,145.915,21.2333189092757,22.9131980559421,21.1996503559472
AAAA,2017-06-13T10:47:00Z,145.725,21.3327491734601,23.1361838473659,21.300776817921
AAAA,2017-06-13T10:48:00Z,145.8,21.32651463424,23.1791516070552,21.2992052374021
AAAA,2017-06-13T10:49:00Z,145.78,21.3218988077653,22.9841736015556,21.2866268005116
AAAA,2017-06-13T10:50:00Z,145.745,21.3357179962838,23.1036148063389,21.3073807202089
AAAA,2017-06-13T10:51:00Z,145.62,21.3700017868731,23.1365401204731,21.3459958914543
AAAA,2017-06-13T10:52:00Z,145.655,21.3644707407086,23.0975005812003,21.33622757334
AAAA,2017-06-13T10:53:00Z,145.715,21.4173182155083,23.1763556494176,21.3953704707459
AAAA,2017-06-13T10:54:00Z,145.755,21.3905985611369,23.1812931424495,21.3673490389163
AAAA,2017-06-13T10:55:00Z,145.665,21.4157213588392,23.2212931387335,21.3902738369772
AAAA,2017-06-13T10:56:00Z,145.77,21.3836189338673,23.1781704532766,21.3544193653975
AAAA,2017-06-13T10:57:00Z,145.585,21.4356054649148,23.3157616517029,21.4064411505729
AAAA,2017-06-13T10:58:00Z,145.475,21.4788949369223,23.4821144832006,21.4479859955993
AAAA,2017-06-13T10:59:00Z,145.375,21.4976929144035,23.4462638255415,21.4650738170969
AAAA,2017-06-13T11:00:00Z,145.26,21.6050801456001,23.628559384472,21.568379334264
AAAA,2017-06-13T11:01:00Z,145.4,21.6335006047447,23.6874745289937,21.5997947161137
AAAA,2017-06-13T11:02:00Z,145.405,21.6475731000962,23.7092580883368,21.6071581381684
AAAA,2017-06-13T11:03:00Z,145.31,21.6918394648463,23.7499001163347,21.6451140118632
AAAA,2017-06-13T11:04:00Z,145.315,21.7472595530849,23.9818511674553,21.6970139399729
AAAA,2017-06-13T11:05:00Z,145.445,21.7869463015842,24.0712313512007,21.7458620889427
AAAA,2017-06-13T11:06:00Z,145.635,21.7395460201221,23.8566929909636,21.7045590700965
AAAA,2017-06-13T11:07:00Z,145.645,21.7475271319016,23.9428485919655,21.7141374747105
AAAA,2017-06-13T11:08:00Z,145.575,21.7319909459163,23.9560389038881,21.7043273321102
AAAA,2017-06-13T11:09:00Z,145.595,21.7055538251512,23.9481863725169,21.6779950702199
AAAA,2017-06-13T11:10:00Z,145.625,21.7040045133087,23.9442168818311,21.6782424334901
AAAA,2017-06-13T11:11:00Z,145.625,21.6852881287073,23.9578202669499,21.6582587260532
AAAA,2017-06-13T11:12:00Z,145.645,21.676384749771,23.9267738945386,21.6441571228268
AAAA,2017-06-13T11:13:00Z,145.62,21.6770487445403,23.9351982011288,21.6459004514934
AAAA,2017-06-13T11:14:00Z,145.58,21.6547525167586,23.9459758745433,21.6211468432609
AAAA,2017-06-13T11:15:00Z,145.615,21.6544033181379,23.8250465198951,21.6276137118557
AAAA,2017-06-13T11:16:00Z,145.605,21.6435482014643,23.7791548521528,21.6126051848101
AAAA,2017-06-13T11:17:00Z,145.55,21.6247514259445,23.8128564212522,21.592449610226
AAAA,2017-06-13T11:18:00Z,145.63,21.6060553148957,23.7660520003792,21.5797472412469
AAAA,2017-06-13T11:19:00Z,145.78,21.5377921098443,23.5935220499748,21.5146198864643
AAAA,2017-06-13T11:20:00Z,145.945,21.417292325036,23.3540532007704,21.3906359634077
AAAA,2017-06-13T11:21:00Z,145.925,21.3766370865413,23.1813484261994,21.3462526831304
AAAA,2017-06-13T11:22:00Z,145.925,21.3801554665449,23.1786774834609,21.3516692415539
AAAA,2017-06-13T11:23:00Z,145.865,21.3699380350297,23.24995104537,21.3333620905422
AAAA,2017-06-13T11:24:00Z,145.93,21.3582579744616,23.2196791265705,21.3276090352054
AAAA,2017-06-13T11:25:00Z,145.915,21.3238828240727,23.2316773074247,21.288408597893
AAAA,2017-06-13T11:26:00Z,145.98,21.3002012342585,23.2940721323265,21.2653421074509
AAAA,2017-06-13T11:27:00Z,145.94,21.290467533279,23.2399227509193,21.2538480801835
AAAA,2017-06-13T11:28:00Z,145.9,21.2416603502849,23.2607973205732,21.205102719322
AAAA,2017-06-13T11:29:00Z,145.835,21.2423023738412,23.3210277635627,21.2067101207177
AAAA,2017-06-13T11:30:00Z,145.98,21.2304580297065,23.3701443706341,21.1967587283349
AAAA,2017-06-13T11:31:00Z,145.89,21.215695550155,23.3621267774047,21.1808039307943
AAAA,2017-06-13T11:32:00Z,145.845,21.2319841261639,23.3753283926557,21.1963238736196
AAAA,2017-06-13T11:33:00Z,145.86,21.233044260034,23.3724730992672,21.1992491129039
AAAA,2017-06-13T11:34:00Z,145.78,21.2448230249599,23.4670757761806,21.2086060124492
AAAA,2017-06-13T11:35:00Z,145.78,21.220500322341,23.4701031608797,21.1840419303321
AAAA,2017-06-13T11:36:00Z,145.755,21.2181541917842,23.4596340953794,21.1835277232773
AAAA,2017-06-13T11:37:00Z,145.72,21.2204205004049,23.4719170441791,21.1846538917206
AAAA,2017-06-13T11:38:00Z,145.625,21.2382719662719,23.5084517286733,21.2057557767694
AAAA,2017-06-13T11:39:00Z,145.59,21.2139233327183,23.5252730129243,21.1767452231502
AAAA,2017-06-13T11:40:00Z,145.58,21.2208853900382,23.4249677493236,21.1814403944624
AAAA,2017-06-13T11:41:00Z,145.605,21.2303718866509,23.4749375954048,21.1901701393637
AAAA,2017-06-13T11:42:00Z,145.8,21.2295418386192,23.4880333429762,21.1850777216848
AAAA,2017-06-13T11:43:00Z,145.985,21.1656212452975,23.4373888750162,21.1238033037671
AAAA,2017-06-13T11:44:00Z,146.035,21.1834963364836,23.3042731349664,21.1447452250229
AAAA,2017-06-13T11:45:00Z,146,21.1745201777473,23.2873850489417,21.1359946155133
AAAA,2017-06-13T11:46:00Z,145.96,21.170836670988,23.2680384725746,21.136586751562
AAAA,2017-06-13T11:47:00Z,146.035,21.1659664044203,23.1591077281116,21.1304515214417
AAAA,2017-06-13T11:48:00Z,146.025,21.144486830895,23.1285131983556,21.1052788464332
AAAA,2017-06-13T11:49:00Z,146.085,21.1568835024819,23.0778487899192,21.1200528812836
AAAA,2017-06-13T11:50:00Z,146.055,21.1578818926894,23.0850084628961,21.1186170041302
AAAA,2017-06-13T11:51:00Z,146.025,21.1638120984665,23.0766793151511,21.1285829165081
AAAA,2017-06-13T11:52:00Z,146.055,21.1580418337267,23.0875584542233,21.1166949740364
AAAA,2017-06-13T11:53:00Z,146.055,21.1612927473406,23.0869116565075,21.1284570691759
AAAA,2017-06-13T11:54:00Z,146.09,21.1640570541864,23.0719131436058,21.128191241186
AAAA,2017-06-13T11:55:00Z,146.085,21.1640179322791,23.0470341638526,21.1272326544021
AAAA,2017-06-13T11:56:00Z,145.965,21.1532559232208,23.1405653996476,21.1161121441955
AAAA,2017-06-13T11:57:00Z,145.995,21.1559174712025,23.0425685186604,21.1163051292836
AAAA,2017-06-13T11:58:00Z,145.965,21.1370672554578,23.055737392273,21.1007085544904
AAAA,2017-06-13T11:59:00Z,146.085,21.1390742418096,23.0176970305887,21.102208713964
AAAA,2017-06-13T12:00:00Z,146.105,21.1196425711061,23.0195934932306,21.0787109800347
AAAA,2017-06-13T12:01:00Z,146.175,21.117811923536,22.9775214477236,21.0799036053113
AAAA,2017-06-13T12:02:00Z,146.175,21.0383558361488,22.9713972775582,20.9973111369268
AAAA,2017-06-13T12:03:00Z,146.175,21.0493451192608,22.9910291814824,21.0088013780215
AAAA,2017-06-13T12:04:00Z,146.195,21.0608176776075,22.9839250454052,21.0212651627765
AAAA,2017-06-13T12:05:00Z,146.135,21.0375748801451,22.96519839226,20.9973379104583
AAAA,2017-06-13T12:06:00Z,146.105,21.0408331449033,22.965242830681,20.9976275326642
AAAA,2017-06-13T12:07:00Z,146.115,21.0420874372245,22.9531110520065,20.9994144140758
AAAA,2017-06-13T12:08:00Z,146.145,21.0372794580847,22.9376517162348,20.9934363674039
AAAA,2017-06-13T12:09:00Z,146.285,21.0204739712264,22.9073077379103,20.9807779025728
AAAA,2017-06-13T12:10:00Z,146.235,21.0294016398062,22.9293309033275,20.9986788049763
AAAA,2017-06-13T12:11:00Z,146.225,21.0260012863166,22.9635255040611,20.9942043043191
AAAA,2017-06-13T12:12:00Z,146.215,21.0321018163736,22.9453393597992,21.004738371596
AAAA,2017-06-13T12:13:00Z,146.265,21.0268042133894,22.9260338029071,20.9986900341066
AAAA,2017-06-13T12:14:00Z,146.245,21.0101407481,22.8917568465787,20.9775819519334
AAAA,2017-06-13T12:15:00Z,146.295,21.0086068390058,22.8197978576416,20.9777310479321
AAAA,2017-06-13T12:16:00Z,146.36,20.9969919379181,22.7886266153929,20.9649559974766
AAAA,2017-06-13T12:17:00Z,146.295,20.9964659351824,22.8085808568099,20.9629281464772
AAAA,2017-06-13T12:18:00Z,146.265,20.9736940631395,22.8276167606433,20.9403944680095
AAAA,2017-06-13T12:19:00Z,146.245,20.9739573826179,22.8256688470671,20.9429542531072
AAAA,2017-06-13T12:20:00Z,146.345,20.937669139754,22.7954163526884,20.9058460041841
AAAA,2017-06-13T12:21:00Z,146.325,20.9142510708384,22.8176261565659,20.8798312438421
AAAA,2017-06-13T12:22:00Z,146.275,20.8998692867771,22.7886236883174,20.8601198987609
AAAA,2017-06-13T12:23:00Z,146.275,20.9059159004966,22.7641661302822,20.8692639423961
AAAA,2017-06-13T12:24:00Z,146.185,20.8760708532294,22.7247210040143,20.831535186844
AAAA,2017-06-13T12:25:00Z,146.285,20.889531356881,22.7707073764886,20.8521014140754
AAAA,2017-06-13T12:26:00Z,146.32,20.8875665810745,22.7319902063647,20.8499507250895
AAAA,2017-06-13T12:27:00Z,146.295,20.886807580991,22.7171240176611,20.8492308392526
AAAA,2017-06-13T12:28:00Z,146.275,20.8709146359873,22.6808366201146,20.8320005488094
AAAA,2017-06-13T12:29:00Z,146.155,20.840965238671,22.744143129507,20.7945172973202
AAAA,2017-06-13T12:30:00Z,146.125,20.8750194509381,22.7217099739378,20.8264385791008
AAAA,2017-06-13T12:31:00Z,146.145,20.8875628570919,22.7365904131641,20.8433511456189
AAAA,2017-06-13T12:32:00Z,146.2,20.8765304023423,22.6865227297728,20.8336173810554
AAAA,2017-06-13T12:33:00Z,146.245,20.8866664655944,22.7075185279565,20.8451950504688
AAAA,2017-06-13T12:34:00Z,146.205,20.8856426492935,22.678155837299,20.8437712167974
AAAA,2017-06-13T12:35:00Z,146.145,20.8376579752218,22.6630390756726,20.7896237390163
AAAA,2017-06-13T12:36:00Z,146.25,20.8608871139692,22.663215080734,20.8172910667609
AAAA,2017-06-13T12:37:00Z,146.345,20.8452931049798,22.5977594601057,20.8043308712325
AAAA,2017-06-13T12:38:00Z,146.415,20.8396146371895,22.5281591936482,20.8001246120128
AAAA,2017-06-13T12:39:00Z,146.395,20.8333341921415,22.5265947406283,20.7932871802685
AAAA,2017-06-13T12:40:00Z,146.385,20.8087801591517,22.4788855055273,20.7644333042473
AAAA,2017-06-13T12:41:00Z,146.4,20.8094163418273,22.4500966067026,20.7712108107062
AAAA,2017-06-13T12:42:00Z,146.47,20.8094328838571,22.4232029812529,20.7752518048053
AAAA,2017-06-13T12:43:00Z,146.53,20.8132144744777,22.4109475681162,20.7833741460567
AAAA,2017-06-13T12:44:00Z,146.495,20.8064322610982,22.3834587641629,20.7773464833855
AAAA,2017-06-13T12:45:00Z,146.44,20.8104673012109,22.4230411742026,20.7778010491279
AAAA,2017-06-13T12:46:00Z,146.465,20.8019758967562,22.3950367455177,20.7682732162701
AAAA,2017-06-13T12:47:00Z,146.485,20.8077402515163,22.3768310905249,20.7761679788388
AAAA,2017-06-13T12:48:00Z,146.425,20.8103931580988,22.4080872809172,20.7758526981174
AAAA,2017-06-13T12:49:00Z,146.465,20.8018790805585,22.366854155752,20.7690284360144
AAAA,2017-06-13T12:50:00Z,146.455,20.8006503881376,22.3623306481371,20.7673203485946
AAAA,2017-06-13T12:51:00Z,146.375,20.8110855498916,22.4354571876934,20.7808299579755
AAAA,2017-06-13T12:52:00Z,146.305,20.8213713162323,22.446010867037,20.7913391265713
AAAA,2017-06-13T12:53:00Z,146.325,20.8164419584907,22.4427046133868,20.7864885478796
AAAA,2017-06-13T12:54:00Z,146.325,20.8217985435461,22.428219866228,20.7927147595994
AAAA,2017-06-13T12:55:00Z,146.415,20.8151587611616,22.3972126150388,20.7862413729295
AAAA,2017-06-13T12:56:00Z,146.405,20.8213894132807,22.3824755898872,20.7974454392449
AAAA,2017-06-13T12:57:00Z,146.355,20.8147594813999,22.3864455757343,20.7932913985617
AAAA,2017-06-13T12:58:00Z,146.395,20.8088585039283,22.3934354685826,20.7846040564406
AAAA,2017-06-13T12:59:00Z,146.365,20.798252882461,22.3590468598595,20.7751766673669
AAAA,2017-06-13T13:00:00Z,146.335,20.8212765138715,22.4130543500347,20.7995549859022
AAAA,2017-06-13T13:01:00Z,146.315,20.8354516374048,22.4177589349765,20.8158055144901
AAAA,2017-06-13T13:02:00Z,146.295,20.8364100532146,22.6225545556176,20.8039954622296
AAAA,2017-06-13T13:03:00Z,146.23,20.8404009593452,22.4773352202851,20.8197799201061
AAAA,2017-06-13T13:04:00Z,146.275,20.8448164597929,22.4755681374963,20.8256445839946
AAAA,2017-06-13T13:05:00Z,146.325,20.8378794347687,22.4788287179294,20.8133086553735
AAAA,2017-06-13T13:06:00Z,146.315,20.826954620989,22.4310241335568,20.8029718359082
AAAA,2017-06-13T13:07:00Z,146.31,20.8274963972836,22.438406154229,20.8041662040175
AAAA,2017-06-13T13:08:00Z,146.33,20.8293406042822,22.4572617219145,20.8082494142946
AAAA,2017-06-13T13:09:00Z,146.32,20.8298941709969,22.425270556233,20.8110032427846
AAAA,2017-06-13T13:10:00Z,146.21,20.8326859981654,22.4415936768763,20.8096714777023
AAAA,2017-06-13T13:11:00Z,146.285,20.852811800831,22.436735320368,20.8316254916908
AAAA,2017-06-13T13:12:00Z,146.305,20.8491449311893,22.4151784292186,20.8272137150396
AAAA,2017-06-13T13:13:00Z,146.335,20.7828757958391,22.4120796601827,20.7563502394082
AAAA,2017-06-13T13:14:00Z,146.325,20.7743621900962,22.3954553172867,20.7511921095197
AAAA,2017-06-13T13:15:00Z,146.315,20.7809243566276,22.4233724074036,20.7608932360215
AAAA,2017-06-13T13:16:00Z,146.335,20.7670084262145,22.3988524835009,20.7441115315022
AAAA,2017-06-13T13:17:00Z,146.325,20.7686220836776,22.4155111996929,20.7453183019372
AAAA,2017-06-13T13:18:00Z,146.32,20.7385191663379,22.4102119353568,20.719063048278
AAAA,2017-06-13T13:19:00Z,146.305,20.6984327735399,22.4098121126871,20.6753009822292
AAAA,2017-06-13T13:20:00Z,146.32,20.6855029942941,22.3711889111733,20.6601198564383
AAAA,2017-06-13T13:21:00Z,146.34,20.6809238950436,22.3300747185198,20.6565740231971
AAAA,2017-06-13T13:22:00Z,146.285,20.6662605568105,22.3157708970399,20.640696814127
AAAA,2017-06-13T13:23:00Z,146.37,20.6057045793887,22.3222572986254,20.5795906712916
AAAA,2017-06-13T13:24:00Z,146.385,20.6014638823232,22.2959172480768,20.5772058728245
AAAA,2017-06-13T13:25:00Z,146.355,20.5915430344775,22.2262348036923,20.5698882375795
AAAA,2017-06-13T13:26:00Z,146.365,20.5918426476796,22.1565251770767,20.5745927073794
AAAA,2017-06-13T13:27:00Z,146.335,20.537285409928,22.195667890408,20.5157101738653
AAAA,2017-06-13T13:28:00Z,146.325,20.5070988219371,22.1628767179183,20.4806817519167
AAAA,2017-06-13T13:29:00Z,146.345,20.4796221642553,22.1325726313255,20.4508805312332
AAAA,2017-06-13T13:30:00Z,146.355,20.4784007780183,22.1268257050159,20.4503429537759
AAAA,2017-06-13T13:31:00Z,146.315,20.4726745628836,22.132921080245,20.4456306391685
AAAA,2017-06-13T13:32:00Z,146.295,20.4806846661304,22.1299415889287,20.4575674779583
AAAA,2017-06-13T13:33:00Z,146.285,20.4592269105292,22.1368732849451,20.4332390068202
AAAA,2017-06-13T13:34:00Z,146.245,20.4727750358971,22.1232570469948,20.4481793843661
AAAA,2017-06-13T13:35:00Z,146.235,20.4636389535174,22.138884161721,20.4392043527968
AAAA,2017-06-13T13:36:00Z,146.205,20.4463811847633,22.1261424404617,20.4201093703049
AAAA,2017-06-13T13:37:00Z,146.195,20.4305786963991,22.1741733003859,20.4062541631001
AAAA,2017-06-13T13:38:00Z,146.225,20.4331440287238,22.1702752154293,20.4197029747007
AAAA,2017-06-13T13:39:00Z,146.285,20.3696099028464,22.0729303513902,20.3529300550584
AAAA,2017-06-13T13:40:00Z,146.285,20.3337963243284,22.0761180274946,20.3163586198237
AAAA,2017-06-13T13:41:00Z,146.255,20.3321127641843,22.0905076405545,20.3139690219704
AAAA,2017-06-13T13:42:00Z,146.235,20.3027437223101,22.0319809175092,20.2875422346984
AAAA,2017-06-13T13:43:00Z,146.195,20.3062405135254,22.0225376967736,20.2918686310948
AAAA,2017-06-13T13:44:00Z,146.115,20.2948736643884,21.9948485208991,20.2875456036436
AAAA,2017-06-13T13:45:00Z,146.165,20.301571397847,21.966457145682,20.2938714633832
AAAA,2017-06-13T13:46:00Z,146.075,20.2798351650772,21.9960321049417,20.2689129326435
AAAA,2017-06-13T13:47:00Z,145.955,20.329255290982,22.0214801218112,20.3151821514113
AAAA,2017-06-13T13:48:00Z,145.935,20.3270139872716,22.0236878454057,20.3089774941477
AAAA,2017-06-13T13:49:00Z,145.905,20.357885483418,22.0280735576542,20.3412932350189
AAAA,2017-06-13T13:50:00Z,145.915,20.3557564658553,21.9962254301468,20.3421982729975
AAAA,2017-06-13T13:51:00Z,145.835,20.3812551582304,21.999749565495,20.3677981278896
AAAA,2017-06-13T13:52:00Z,145.855,20.3547665875192,21.9968563238671,20.336531312913
AAAA,2017-06-13T13:53:00Z,145.915,20.3251343516712,21.8540763358502,20.3102167891525
AAAA,2017-06-13T13:54:00Z,145.815,20.3307187899935,22.005854586875,20.3140558761711
AAAA,2017-06-13T13:55:00Z,145.955,20.3001663414657,21.9768871097717,20.2857851830229
AAAA,2017-06-13T13:56:00Z,146.025,20.3035978383658,21.9768217806671,20.2930644540266
AAAA,2017-06-13T13:57:00Z,146.08,20.2847499760079,22.0037333181531,20.2735305681846
AAAA,2017-06-13T13:58:00Z,146.105,20.2489432610144,21.9203999181643,20.2401192761096
AAAA,2017-06-13T13:59:00Z,146.155,20.2476078004051,21.8880260476807,20.2407384301635
AAAA,2017-06-13T14:00:00Z,146.155,20.2394558429909,21.8867679995498,20.2329062578276
AAAA,2017-06-13T14:01:00Z,146.13,20.2340482522762,21.8225114490804,20.2286354156024
AAAA,2017-06-13T14:02:00Z,146.095,20.2182454268289,21.8276014690732,20.2082484554652
AAAA,2017-06-13T14:03:00Z,146.125,20.2026471547168,21.77977901869,20.1946089664734
AAAA,2017-06-13T14:04:00Z,146.015,20.203976282352,21.751752431806,20.1966727033448
AAAA,2017-06-13T14:05:00Z,145.94,20.2151781895919,21.7586796232093,20.2081636915691
AAAA,2017-06-13T14:06:00Z,145.955,20.1756141216197,21.7461108942799,20.1653199246123
AAAA,2017-06-13T14:07:00Z,145.995,20.176858803161,21.838809840056,20.1684545038705
AAAA,2017-06-13T14:08:00Z,146,20.1716191796709,21.7978571124184,20.1638344179669
AAAA,2017-06-13T14:09:00Z,146.135,20.1544579448896,21.7965041713186,20.1459676083843
AAAA,2017-06-13T14:10:00Z,146.15,20.1370446454044,21.7703883796292,20.1251688486482
AAAA,2017-06-13T14:11:00Z,146.125,20.1376434760919,21.8044172261078,20.1285508772052
AAAA,2017-06-13T14:12:00Z,146.035,20.1440701494532,21.8557916864903,20.1351144098944
AAAA,2017-06-13T14:13:00Z,146.02,20.1637337063829,21.8266752125739,20.1596974099496
AAAA,2017-06-13T14:14:00Z,146.095,20.1538754947836,21.7872247990823,20.1496848096258
AAAA,2017-06-13T14:15:00Z,146.155,20.1337993018784,21.7679913937298,20.1330530262058
AAAA,2017-06-13T14:16:00Z,146.15,20.1295100828919,21.7380925218413,20.1264400634941
AAAA,2017-06-13T14:17:00Z,146.175,20.1154631129371,21.6927612875671,20.1117090887826
AAAA,2017-06-13T14:18:00Z,146.125,20.1237453642117,21.7226802971892,20.1209814245388
AAAA,2017-06-13T14:19:00Z,146.155,20.1281556421352,21.7376095171426,20.1278897820658
AAAA,2017-06-13T14:20:00Z,146.155,20.1236064433041,21.7282411999764,20.1218957730251
AAAA,2017-06-13T14:21:00Z,146.185,20.1114836403715,21.7108324895407,20.1075374210968
AAAA,2017-06-13T14:22:00Z,146.16,20.1285580790086,21.6964404045471,20.1257041058572
AAAA,2017-06-13T14:23:00Z,146.115,20.1395559146526,21.6863254239579,20.1366988445837
AAAA,2017-06-13T14:24:00Z,146.205,20.1219396160196,21.6714956944379,20.1198205444865
AAAA,2017-06-13T14:25:00Z,146.175,20.1164091164268,21.6611616072203,20.113704845336
AAAA,2017-06-13T14:26:00Z,146.145,20.1260557794939,21.6422044429021,20.1234089069553
AAAA,2017-06-13T14:27:00Z,146.145,20.1210859690751,21.6393259384796,20.117958336766
AAAA,2017-06-13T14:28:00Z,146.135,20.1245207046476,21.6614764826438,20.1202697406562
AAAA,2017-06-13T14:29:00Z,146.155,20.1335286707136,21.6602489351094,20.132073950299
AAAA,2017-06-13T14:30:00Z,146.195,20.119789507863,21.6717936219364,20.1191306472934
AAAA,2017-06-13T14:31:00Z,146.215,20.1250381223409,21.6500641388016,20.1239303580728
AAAA,2017-06-13T14:32:00Z,146.245,20.1094481094779,21.6328260438651,20.1056328621877
AAAA,2017-06-13T14:33:00Z,146.105,20.1403178011201,21.676649325539,20.1373993051422
AAAA,2017-06-13T14:34:00Z,146.205,20.1232027615011,21.6118856857337,20.1213940179087
AAAA,2017-06-13T14:35:00Z,146.225,20.1044489579259,21.6363161176078,20.0968625276233
AAAA,2017-06-13T14:36:00Z,146.22,20.1210790906124,21.6252400213113,20.1169588396138
AAAA,2017-06-13T14:37:00Z,146.325,20.0973705680908,21.6847019382632,20.0973069274447
AAAA,2017-06-13T14:38:00Z,146.285,20.1305139602192,21.6477714088005,20.1334932496517
AAAA,2017-06-13T14:39:00Z,146.335,20.1257542647464,21.6549035498884,20.1316688118501
AAAA,2017-06-13T14:40:00Z,146.355,20.1294239887518,21.619260063582,20.1372213187515
AAAA,2017-06-13T14:41:00Z,146.365,20.1029101027566,21.6166893917384,20.1077035753306
AAAA,2017-06-13T14:42:00Z,146.345,20.1305873931298,21.6471362130961,20.138051954624
AAAA,2017-06-13T14:43:00Z,146.375,20.1274798312775,21.6606022126224,20.1341832922017
AAAA,2017-06-13T14:44:00Z,146.365,20.1221281935844,21.7068514725827,20.1282064840172
AAAA,2017-06-13T14:45:00Z,146.42,20.1118327134769,21.6912794627763,20.119465751931
AAAA,2017-06-13T14:46:00Z,146.435,20.1153157240448,21.6514578515266,20.1241434842922
AAAA,2017-06-13T14:47:00Z,146.445,20.1096269306262,21.6645741214392,20.1168863612146
AAAA,2017-06-13T14:48:00Z,146.425,20.0985814447542,21.6625399033755,20.103848409848
AAAA,2017-06-13T14:49:00Z,146.385,20.1116935602358,21.6966321238584,20.11733361282
AAAA,2017-06-13T14:50:00Z,146.425,20.0982521391752,21.7216968564216,20.1044294734021
AAAA,2017-06-13T14:51:00Z,146.415,20.1024766560896,21.7317609850288,20.1096654824978
AAAA,2017-06-13T14:52:00Z,146.445,20.0971053195446,21.7404628437658,20.1022390735479
AAAA,2017-06-13T14:53:00Z,146.405,20.1012449746449,21.7773931085006,20.104511123696
AAAA,2017-06-13T14:54:00Z,146.395,20.1073013390382,21.7934979104326,20.1130991667439
AAAA,2017-06-13T14:55:00Z,146.385,20.1092290845864,21.800912512649,20.1138994375772
AAAA,2017-06-13T14:56:00Z,146.37,20.1317955651998,21.7885636416585,20.1392295330954
AAAA,2017-06-13T14:57:00Z,146.325,20.1483085125154,21.8012757068283,20.153665493319
AAAA,2017-06-13T14:58:00Z,146.355,20.1471712037642,21.7750144926057,20.1537685653929
AAAA,2017-06-13T14:59:00Z,146.385,20.1307680783597,21.7159620077705,20.1372066444345
AAAA,2017-06-13T15:00:00Z,146.39,20.1281411505484,21.815295826255,20.1325434333604
AAAA,2017-06-13T15:01:00Z,146.405,20.1257128709615,21.7930304333618,20.128597868651
AAAA,2017-06-13T15:02:00Z,146.395,20.1273366332087,21.8278579374119,20.1297467182298
AAAA,2017-06-13T15:03:00Z,146.435,20.1187662150545,21.8069441305911,20.1235226281582
AAAA,2017-06-13T15:04:00Z,146.415,20.1194766416377,21.7673112329671,20.1208658261566
AAAA,2017-06-13T15:05:00Z,146.415,20.1048896324695,21.7686308878806,20.1058977997843
AAAA,2017-06-13T15:06:00Z,146.395,20.1386589706138,21.7476224257845,20.1387634988263
AAAA,2017-06-13T15:07:00Z,146.395,20.1362331087114,21.7761038028841,20.1361703934302
AAAA,2017-06-13T15:08:00Z,146.385,20.1382466222498,21.7983852257342,20.1353779619119
AAAA,2017-06-13T15:09:00Z,146.405,20.1847478705948,21.8299285257226,20.1849813992108
AAAA,2017-06-13T15:10:00Z,146.395,20.228086212893,21.8411802585123,20.2326050278827
AAAA,2017-06-13T15:11:00Z,146.365,20.2528154505413,21.9099438915118,20.2542214186005
AAAA,2017-06-13T15:12:00Z,146.325,20.2424699907445,21.9460546868693,20.2426409741713
AAAA,2017-06-13T15:13:00Z,146.355,20.2435647352984,21.9488983288155,20.2460284385234
AAAA,2017-06-13T15:14:00Z,146.355,20.2430190553333,21.956298416571,20.2475422924898
AAAA,2017-06-13T15:15:00Z,146.335,20.2519745593166,21.9324130469293,20.2530456791764
AAAA,2017-06-13T15:16:00Z,146.335,20.2560375897635,21.9430334888188,20.2551014036343
AAAA,2017-06-13T15:17:00Z,146.315,20.2569252338727,21.9761960592116,20.253739530362
AAAA,2017-06-13T15:18:00Z,146.315,20.2440870244228,21.9659775605528,20.2405804189011
AAAA,2017-06-13T15:19:00Z,146.355,20.2423116668872,21.9238997322905,20.242380807398
AAAA,2017-06-13T15:20:00Z,146.285,20.2641634308422,21.9660385357416,20.2667325194511
AAAA,2017-06-13T15:21:00Z,146.335,20.2371263602697,21.9419789955702,20.2385134913214
AAAA,2017-06-13T15:22:00Z,146.355,20.2701060366162,21.8954182101091,20.2778041371953
AAAA,2017-06-13T15:23:00Z,146.365,20.2697539049013,21.8866257124181,20.2780756705831
AAAA,2017-06-13T15:24:00Z,146.385,20.256642046375,21.9238925354141,20.2647783612397
AAAA,2017-06-13T15:25:00Z,146.39,20.2600099862309,21.9366796467192,20.2674533693929
AAAA,2017-06-13T15:26:00Z,146.385,20.2573109655269,21.9410772595291,20.2624395051919
AAAA,2017-06-13T15:27:00Z,146.405,20.2513677867723,21.9414368827136,20.2549518444061
AAAA,2017-06-13T15:28:00Z,146.405,20.245743277787,21.9476966957254,20.2489151311515
AAAA,2017-06-13T15:29:00Z,146.465,20.2322069032983,21.9259410478061,20.2371978700867
AAAA,2017-06-13T15:30:00Z,146.605,20.2156282501219,21.8331037871617,20.220368281209
AAAA,2017-06-13T15:31:00Z,146.575,20.189407854324,21.9286119483579,20.1941408488809
AAAA,2017-06-13T15:32:00Z,146.595,20.186317440102,21.9328877358457,20.1837154533266
AAAA,2017-06-13T15:33:00Z,146.615,20.1877911414653,21.9723924331347,20.181499388489
AAAA,2017-06-13T15:34:00Z,146.635,20.1551358066493,21.9611563960049,20.1457561817491
AAAA,2017-06-13T15:35:00Z,146.655,20.1534670269153,21.9279156147672,20.1468386809636
AAAA,2017-06-13T15:36:00Z,146.725,20.1570321878296,21.9481572086346,20.1584758753582
AAAA,2017-06-13T15:37:00Z,146.755,20.1374898823973,21.9132531795775,20.1313496473294
AAAA,2017-06-13T15:38:00Z,146.795,20.1264628903217,21.868999473718,20.1285923241904
AAAA,2017-06-13T15:39:00Z,146.825,20.1390779739604,21.8795028926913,20.1449458547252
AAAA,2017-06-13T15:40:00Z,146.805,20.1410505565408,21.9469276848343,20.14898278489
AAAA,2017-06-13T15:41:00Z,146.785,20.1456168152693,21.9311799951001,20.1524482317116
AAAA,2017-06-13T15:42:00Z,146.665,20.1593005151788,22.0260258001842,20.1660571938147
AAAA,2017-06-13T15:43:00Z,146.735,20.1574593826188,21.9637580932155,20.1635758154224
AAAA,2017-06-13T15:44:00Z,146.655,20.1663125128241,22.0244355371101,20.1732944099026
AAAA,2017-06-13T15:45:00Z,146.675,20.1584049540264,21.9635579438838,20.166152908244
AAAA,2017-06-13T15:46:00Z,146.635,20.1851242100889,22.0006128894336,20.1883276949799
AAAA,2017-06-13T15:47:00Z,146.645,20.1695474192366,21.9325655261349,20.174517898426
AAAA,2017-06-13T15:48:00Z,146.705,20.1558433174727,21.9014907550353,20.1598387061837
AAAA,2017-06-13T15:49:00Z,146.715,20.1260368824042,21.8810907497733,20.1278171414245
AAAA,2017-06-13T15:50:00Z,146.655,20.1583513718204,21.9931547841827,20.1632033791235
AAAA,2017-06-13T15:51:00Z,146.645,20.1569295685276,21.9240459716442,20.1633301673899
AAAA,2017-06-13T15:52:00Z,146.615,20.1538368486993,21.9244800466492,20.1577172978649
AAAA,2017-06-13T15:53:00Z,146.435,20.1940317633266,22.0809666648538,20.1932960904063
AAAA,2017-06-13T15:54:00Z,146.465,20.2012607472869,22.011917993211,20.2028922508803
AAAA,2017-06-13T15:55:00Z,146.455,20.1987493030623,22.080726351444,20.2034941514123
AAAA,2017-06-13T15:56:00Z,146.485,20.1698913124247,22.0792972090604,20.1746900039959
AAAA,2017-06-13T15:57:00Z,146.51,20.1784498954991,22.052814262918,20.1824789861651
AAAA,2017-06-13T15:58:00Z,146.475,20.1731988877969,22.0665472893246,20.1750401977632
AAAA,2017-06-13T15:59:00Z,146.485,20.1730717532391,22.0490548148403,20.1744917803329
AAAA,2017-06-13T16:00:00Z,146.585,20.0414992582576,21.9403971970627,20.0333199938441
BBBB,2017-06-13T09:31:00Z,977.585,24.1965979366049,26.3382998141686,24.33307125459
BBBB,2017-06-13T09:32:00Z,977.875,24.3972079861562,26.7083844254599,24.4692000795838
BBBB,2017-06-13T09:33:00Z,977.23,24.2969130248289,26.3750559581587,24.3619711268124
BBBB,2017-06-13T09:34:00Z,977.535,24.2887718962657,26.4641945585345,24.3528356957473
BBBB,2017-06-13T09:35:00Z,977.63,24.2677725643399,26.434932383062,24.3324516716752
BBBB,2017-06-13T09:36:00Z,978.58,24.001839229775,26.4256734513245,24.0309678114982
BBBB,2017-06-13T09:37:00Z,978.075,23.9569798723723,26.3768005184635,23.9811719016509
BBBB,2017-06-13T09:38:00Z,978.5,23.9700408496586,26.3203001654518,24.0095632601284
BBBB,2017-06-13T09:39:00Z,978.45,23.9600434348806,26.147105031577,24.0011428287005
BBBB,2017-06-13T09:40:00Z,979.725,23.8166129182962,26.1355034103152,23.851182438446
BBBB,2017-06-13T09:41:00Z,979.805,23.792180083778,25.7717990336553,23.8298199798891
BBBB,2017-06-13T09:42:00Z,979.605,23.7469166460963,25.6570005828712,23.7816281939901
BBBB,2017-06-13T09:43:00Z,979.465,23.7405623527309,25.6572237282036,23.7832433150901
BBBB,2017-06-13T09:44:00Z,979.905,23.7183288986882,25.6449586881879,23.7586728357924
BBBB,2017-06-13T09:45:00Z,981.53,23.7684558815722,25.5710360172671,23.820940476405
BBBB,2017-06-13T09:46:00Z,981.28,23.6902299737086,25.4431605422334,23.7491663086231
BBBB,2017-06-13T09:47:00Z,982.975,23.6012271189768,25.1817294654957,23.6610112504113
BBBB,2017-06-13T09:48:00Z,981.815,23.5685230791079,25.1043012417353,23.6274637997669
BBBB,2017-06-13T09:49:00Z,981.445,23.5138751160344,25.0167072643936,23.5685095426026
BBBB,2017-06-13T09:50:00Z,981.51,23.4361405252249,24.8825659194658,23.4928997087886
BBBB,2017-06-13T09:51:00Z,982.57,23.3225650230087,24.7902713352458,23.3862429163367
BBBB,2017-06-13T09:52:00Z,980.775,23.2272237908606,24.5023298426559,23.2884927012269
BBBB,2017-06-13T09:53:00Z,979.065,23.2103246650414,24.6608728134917,23.2671013542513
BBBB,2017-06-13T09:54:00Z,979.27,23.1574785948365,24.6367962118174,23.214766222021
BBBB,2017-06-13T09:55:00Z,980.665,23.1380936693112,24.6941736172323,23.1924743095755
BBBB,2017-06-13T09:56:00Z,979.475,23.1269671392599,24.6999471324509,23.1764513425955
BBBB,2017-06-13T09:57:00Z,979.34,23.0933065279417,24.6754072635696,23.1380479268038
BBBB,2017-06-13T09:58:00Z,977.585,23.1113977848157,24.7162193805875,23.1590190930154
BBBB,2017-06-13T09:59:00Z,977.86,23.0418853918336,24.813051473689,23.093964909906
BBBB,2017-06-13T10:00:00Z,978.475,23.0208709615571,24.565682228831,23.067149451623
BBBB,2017-06-13T10:01:00Z,979.315,22.8960175535822,24.4839388130519,22.9378207396062
BBBB,2017-06-13T10:02:00Z,979.135,22.8692092033719,24.477600810836,22.9085312124934
BBBB,2017-06-13T10:03:00Z,977.965,22.8583579655972,24.3485409289587,22.9072787398599
BBBB,2017-06-13T10:04:00Z,978.24,22.7905762029033,24.0852709362548,22.8380134589016
BBBB,2017-06-13T10:05:00Z,977.95,22.7946846576908,23.8364885033429,22.8513669638618
BBBB,2017-06-13T10:06:00Z,978.195,22.711840879844,23.7233030557989,22.7751815792999
BBBB,2017-06-13T10:07:00Z,978.93,22.6345616601284,23.6553105249323,22.7124319895159
BBBB,2017-06-13T10:08:00Z,976.395,22.6493044699445,23.6712616872923,22.7124165279993
BBBB,2017-06-13T10:09:00Z,975.95,22.5435600519193,23.6707351361512,22.5948500194055
BBBB,2017-06-13T10:10:00Z,976.63,22.5342463617506,23.6079457310456,22.5891898145892
BBBB,2017-06-13T10:11:00Z,975.37,22.4765857276147,23.7059401014689,22.5065324677894
BBBB,2017-06-13T10:12:00Z,975.675,22.4995442308462,23.6381872746725,22.5342079157325
BBBB,2017-06-13T10:13:00Z,975.135,22.2541619732241,23.4222186800283,22.2763553538538
BBBB,2017-06-13T10:14:00Z,975.275,22.2207504339445,23.4134821604467,22.242476659683
BBBB,2017-06-13T10:15:00Z,976.465,22.1715188651892,23.3254695086479,22.1964474271204
BBBB,2017-06-13T10:16:00Z,977.395,22.1134571538434,23.3119483444673,22.1423913939239
BBBB,2017-06-13T10:17:00Z,976.32,22.0878996074185,23.3350554624074,22.11300479486
BBBB,2017-06-13T10:18:00Z,976.995,22.0375353046354,23.2892010554895,22.0622996011187
BBBB,2017-06-13T10:19:00Z,976.105,22.0553230009056,23.2803991464321,22.076984496003
BBBB,2017-06-13T10:20:00Z,975.77,22.046456848986,23.1980110722351,22.0704789034454
BBBB,2017-06-13T10:21:00Z,975.34,22.0283000495323,23.1479947910558,22.0488651498727
BBBB,2017-06-13T10:22:00Z,976.325,22.0111573570491,23.1129299459109,22.039674012355
BBBB,2017-06-13T10:23:00Z,976.76,22.0118757986215,23.1170524421264,22.0477965204025
BBBB,2017-06-13T10:24:00Z,977.76,21.9808889181315,23.0119248585167,22.0206174544862
BBBB,2017-06-13T10:25:00Z,976.72,21.9127441541334,22.864770151884,21.9451920638398
BBBB,2017-06-13T10:26:00Z,977.15,21.9998618620218,23.0522820316312,22.0382893847608
BBBB,2017-06-13T10:27:00Z,978.12,21.9733950708268,22.9798375936338,22.0143439351202
BBBB,2017-06-13T10:28:00Z,978.055,22.0572146527978,22.9698178381349,22.1083106978697
BBBB,2017-06-13T10:29:00Z,976.995,22.0668677302871,22.9104450878727,22.1246106406632
BBBB,2017-06-13T10:30:00Z,976.195,22.1156232156965,22.9062215992894,22.1735641559771
BBBB,2017-06-13T10:31:00Z,977.78,21.8825983221571,22.9165750095808,21.9233379012187
BBBB,2017-06-13T10:32:00Z,977.525,21.8745786818114,22.9120024382606,21.9156677594364
BBBB,2017-06-13T10:33:00Z,977.85,21.8886032609919,22.9199968479126,21.9341687661435
BBBB,2017-06-13T10:34:00Z,978.58,21.8591518294703,22.8624603310715,21.9070661939241
BBBB,2017-06-13T10:35:00Z,978.42,21.8494417478645,22.8288319289591,21.8954905840871
BBBB,2017-06-13T10:36:00Z,978.725,21.8273059124761,22.7896415464084,21.8724560023022
BBBB,2017-06-13T10:37:00Z,979.305,21.8038985362596,22.7970827324683,21.8487197419109
BBBB,2017-06-13T10:38:00Z,980.245,21.7880451019357,22.8300430762214,21.8308817873688
BBBB,2017-06-13T10:39:00Z,980.165,21.7797808363778,22.7788871786559,21.8212138046607
BBBB,2017-06-13T10:40:00Z,980.08,21.7521045782557,22.6869128665124,21.7934892302367
BBBB,2017-06-13T10:41:00Z,979.07,21.7664479201111,22.7269247072359,21.8117586953601
BBBB,2017-06-13T10:42:00Z,979.24,21.7550087085617,22.7057708610986,21.7988215784579
BBBB,2017-06-13T10:43:00Z,979.01,21.7440457096609,22.6612767732001,21.7890341723561
BBBB,2017-06-13T10:44:00Z,978.655,21.7369068787896,22.7254456696632,21.7760955858268
BBBB,2017-06-13T10:45:00Z,977.635,21.6051505248556,22.8092763167858,21.6171741268178
BBBB,2017-06-13T10:46:00Z,977.05,21.6972295698985,22.7741754363281,21.7102882092597
BBBB,2017-06-13T10:47:00Z,976.335,21.6846782827346,22.8325605813179,21.6969815319777
BBBB,2017-06-13T10:48:00Z,976.065,21.6773521859722,22.8421138747071,21.6820366198087
BBBB,2017-06-13T10:49:00Z,977.055,21.6927482090654,22.8968120658024,21.7075342998692
BBBB,2017-06-13T10:50:00Z,977.1,21.679244707025,22.8803843431661,21.6879750571
BBBB,2017-06-13T10:51:00Z,976.54,21.6894643475423,22.876552484253,21.6970675411636
BBBB,2017-06-13T10:52:00Z,975.91,21.7174274173763,22.9193255761607,21.7280752911087
BBBB,2017-06-13T10:53:00Z,975.065,21.715070747447,23.022120982839,21.7148613705971
BBBB,2017-06-13T10:54:00Z,975.125,21.7846956615982,23.0646496959494,21.7921285280742
BBBB,2017-06-13T10:55:00Z,973.83,21.7921623826516,23.081856197022,21.7867637179964
BBBB,2017-06-13T10:56:00Z,972.66,21.8519685684918,23.1486817126152,21.8555978180326
BBBB,2017-06-13T10:57:00Z,971.895,21.8367350268624,23.121038421215,21.827965342869
BBBB,2017-06-13T10:58:00Z,971.845,21.8318242357968,23.1508922325311,21.8213140779429
BBBB,2017-06-13T10:59:00Z,970.505,21.9615291478105,23.1879403842537,21.9619053835845
BBBB,2017-06-13T11:00:00Z,968.55,22.1173179013274,23.5152302685964,22.1100124546568
BBBB,2017-06-13T11:01:00Z,968.23,22.1959885118257,23.6899818810914,22.1959072594394
BBBB,2017-06-13T11:02:00Z,970.43,22.200163925027,23.540474281107,22.2064946225891
BBBB,2017-06-13T11:03:00Z,968.275,22.2299861801694,23.5599380774808,22.2359456139262
BBBB,2017-06-13T11:04:00Z,968.42,22.2086686601784,23.8354078292579,22.2041846234687
BBBB,2017-06-13T11:05:00Z,969.755,22.2013749492131,23.6576140399466,22.2007648416024
BBBB,2017-06-13T11:06:00Z,970.855,22.2809434364857,23.5889319462897,22.2957332017043
BBBB,2017-06-13T11:07:00Z,971.695,22.1955407734715,23.3295357536344,22.2070921624409
BBBB,2017-06-13T11:08:00Z,972.79,22.2210151427822,23.4619487709523,22.2358071972567
BBBB,2017-06-13T11:09:00Z,973.195,22.3029682661142,23.5585047549833,22.31312093079
BBBB,2017-06-13T11:10:00Z,972.59,22.289096484128,23.6277982982316,22.2968514349785
BBBB,2017-06-13T11:11:00Z,973.5,22.3154790190855,23.7419540458836,22.3276741960264
BBBB,2017-06-13T11:12:00Z,972.635,22.2985929676223,23.7220777929738,22.313586063212
BBBB,2017-06-13T11:13:00Z,973.055,22.2972901497109,23.648545805777,22.3146258127609
BBBB,2017-06-13T11:14:00Z,973.485,22.2686601873711,23.7025600645436,22.2856372391074
BBBB,2017-06-13T11:15:00Z,973.45,22.2657263413827,23.6644266193993,22.2823622423625
BBBB,2017-06-13T11:16:00Z,973.16,22.2336746790906,23.6890571416959,22.2471750118388
BBBB,2017-06-13T11:17:00Z,972.48,22.216500914345,23.6900451641191,22.2268937321718
BBBB,2017-06-13T11:18:00Z,972.16,22.2553658047536,23.6418057392596,22.2665483336595
BBBB,2017-06-13T11:19:00Z,972.6,22.2792767362871,23.6921764595845,22.2934448332491
BBBB,2017-06-13T11:20:00Z,973.59,22.2290530220859,23.6121590326034,22.241876601418
BBBB,2017-06-13T11:21:00Z,974.065,22.2157767464889,23.6424272872754,22.2339422692223
BBBB,2017-06-13T11:22:00Z,974.065,22.1934188931776,23.644125449943,22.2128045194863
BBBB,2017-06-13T11:23:00Z,974.13,22.2618137485959,23.6859778899991,22.2910850052432
BBBB,2017-06-13T11:24:00Z,974.365,22.2405829200627,23.5804481480325,22.2686771344568
BBBB,2017-06-13T11:25:00Z,973.99,22.2345190166761,23.483793108249,22.2654230912808
BBBB,2017-06-13T11:26:00Z,974.535,22.2387398924031,23.4462796806239,22.2711364923845
BBBB,2017-06-13T11:27:00Z,973.705,22.2468154833748,23.2801670637246,22.2815952391819
BBBB,2017-06-13T11:28:00Z,972.235,22.2547579042893,23.2868061982885,22.2883322501749
BBBB,2017-06-13T11:29:00Z,973.31,22.2324704552291,23.3548433470753,22.2680589726744
BBBB,2017-06-13T11:30:00Z,972.835,22.2028987113535,23.4234182491565,22.2349325194425
BBBB,2017-06-13T11:31:00Z,972.3,22.2396754715126,23.3818861113986,22.2742315554391
BBBB,2017-06-13T11:32:00Z,972.81,22.2293364924341,23.4312417981029,22.2613363021431
BBBB,2017-06-13T11:33:00Z,972.82,22.2178075527142,23.4094485085246,22.2506681440445
BBBB,2017-06-13T11:34:00Z,971.61,22.2176329427633,23.4673917588558,22.2472403157086
BBBB,2017-06-13T11:35:00Z,971.735,22.2186259892297,23.5668439362314,22.248554719678
BBBB,2017-06-13T11:36:00Z,971.72,22.21761750327,23.5546974329512,22.2449381431059
BBBB,2017-06-13T11:37:00Z,971.26,22.1914793314452,23.488993583178,22.2158747829852
BBBB,2017-06-13T11:38:00Z,971.295,22.1522080921665,23.4835645832772,22.1740558797769
BBBB,2017-06-13T11:39:00Z,971.98,22.1679045794402,23.3011966581769,22.1900642775823
BBBB,2017-06-13T11:40:00Z,971.83,22.1822954244396,23.3143725455747,22.2042848742651
BBBB,2017-06-13T11:41:00Z,971.97,22.182276106795,23.3337131460529,22.2049175811016
BBBB,2017-06-13T11:42:00Z,972.775,22.2030344092942,23.3934225094175,22.2339253465805
BBBB,2017-06-13T11:43:00Z,973.835,22.1607145007722,23.4367524602306,22.196697719658
BBBB,2017-06-13T11:44:00Z,973.96,22.1503864893792,23.4324306203986,22.1877197708099
BBBB,2017-06-13T11:45:00Z,974.18,22.1607779544037,23.405487310656,22.1993363713013
BBBB,2017-06-13T11:46:00Z,975.05,22.1088024849357,23.3323440879725,22.1484846864959
BBBB,2017-06-13T11:47:00Z,974.125,22.1118089947864,23.3364529823831,22.1530896841911
BBBB,2017-06-13T11:48:00Z,974.815,22.1405420660849,23.2707974634904,22.1876499127637
BBBB,2017-06-13T11:49:00Z,974.735,22.1372883730782,23.3076749829985,22.1833306065786
BBBB,2017-06-13T11:50:00Z,975.64,22.1439223142757,23.3968418832448,22.1942797056665
BBBB,2017-06-13T11:51:00Z,975.19,22.1490198421408,23.3436512563764,22.199462804331
BBBB,2017-06-13T11:52:00Z,975.185,22.1508567012627,23.3825812093648,22.199652416795
BBBB,2017-06-13T11:53:00Z,974.765,22.1485243958518,23.391889172613,22.1966466656449
BBBB,2017-06-13T11:54:00Z,975.215,22.1632522492184,23.4120617811856,22.2133775037212
BBBB,2017-06-13T11:55:00Z,975.645,22.1501311039682,23.4259919307667,22.1989919530977
BBBB,2017-06-13T11:56:00Z,975.675,22.1493645072049,23.4413429412151,22.1971568820753
BBBB,2017-06-13T11:57:00Z,975.5,22.1551999908327,23.3376369018558,22.2046067833603
BBBB,2017-06-13T11:58:00Z,975.805,22.1522392797299,23.3992800208719,22.2013560983882
BBBB,2017-06-13T11:59:00Z,976.775,22.1651613984953,23.415945950799,22.2152047239943
BBBB,2017-06-13T12:00:00Z,976.695,22.1734393993097,23.457920967367,22.2246294864662
BBBB,2017-06-13T12:01:00Z,976.735,22.1818487068685,23.4792539720681,22.2344416797151
BBBB,2017-06-13T12:02:00Z,977.56,22.1646137817414,23.4059657393455,22.2226120948927
BBBB,2017-06-13T12:03:00Z,976.615,22.1543775991817,23.2339140394218,22.2123322461837
BBBB,2017-06-13T12:04:00Z,977.555,22.1402872764403,23.2449262834847,22.2020802520367
BBBB,2017-06-13T12:05:00Z,976.305,22.1396898955102,23.2676986659277,22.2000817244828
BBBB,2017-06-13T12:06:00Z,975.95,22.1725151662648,23.2451624576043,22.2327690778715
BBBB,2017-06-13T12:07:00Z,975.98,22.1760358892686,23.2470483500821,22.2336505446519
BBBB,2017-06-13T12:08:00Z,976.185,22.1752352420815,23.3008099741201,22.2335919717368
BBBB,2017-06-13T12:09:00Z,977.04,22.1571876917594,23.2807378885749,22.2176512135078
BBBB,2017-06-13T12:10:00Z,976.96,22.1622172217015,23.2717561362577,22.2251494350346
BBBB,2017-06-13T12:11:00Z,977.055,22.1539736397437,23.2548659918997,22.2157060083975
BBBB,2017-06-13T12:12:00Z,977.37,22.1200003447823,23.235502203611,22.1784875124635
BBBB,2017-06-13T12:13:00Z,977.31,22.1220995918704,23.2540898985537,22.1804186768637
BBBB,2017-06-13T12:14:00Z,977.56,22.1215163042234,23.2118463210382,22.1814084207293
BBBB,2017-06-13T12:15:00Z,977.315,22.1239985901172,23.2088273169623,22.183631754554
BBBB,2017-06-13T12:16:00Z,977.32,22.1238818132249,23.2329548779756,22.183391180824
BBBB,2017-06-13T12:17:00Z,976.8,22.1170232285018,23.229503192265,22.1769165062273
BBBB,2017-06-13T12:18:00Z,976.5,22.1233265154636,23.2269964110808,22.181240487859
BBBB,2017-06-13T12:19:00Z,976.17,22.1146126572205,23.1964292337705,22.1738504039182
BBBB,2017-06-13T12:20:00Z,976.05,22.1828988321093,23.1860683090847,22.2501363259819
BBBB,2017-06-13T12:21:00Z,976.755,22.1735131325711,23.1459791088176,22.2439053014395
BBBB,2017-06-13T12:22:00Z,976.035,22.1571663658205,23.0949719451148,22.2248560722882
BBBB,2017-06-13T12:23:00Z,975.55,22.1610610018482,23.1382341287301,22.2235513987083
BBBB,2017-06-13T12:24:00Z,975.25,22.1147232069007,23.1392636686119,22.1711470226459
BBBB,2017-06-13T12:25:00Z,975.17,22.1080669629848,23.0798244877558,22.162467400977
BBBB,2017-06-13T12:26:00Z,975.51,22.1088803158369,23.1455628728813,22.1672366294544
BBBB,2017-06-13T12:27:00Z,976.265,22.1026454293285,23.2513767421293,22.163408003682
BBBB,2017-06-13T12:28:00Z,976.225,22.1022014301767,23.186105936234,22.1627419109441
BBBB,2017-06-13T12:29:00Z,975.925,22.1007188859245,23.1575272823152,22.1617624293102
BBBB,2017-06-13T12:30:00Z,975.83,22.096610314364,23.1205914514957,22.155538613798
BBBB,2017-06-13T12:31:00Z,975.495,22.0947925749852,23.1137182261597,22.1535506513504
BBBB,2017-06-13T12:32:00Z,975.705,22.1035748456685,23.1116807369319,22.1592345259542
BBBB,2017-06-13T12:33:00Z,975.57,22.100143726712,23.1113446455897,22.1673863040671
BBBB,2017-06-13T12:34:00Z,975.5,22.0987351637743,23.0835742890173,22.1670999001912
BBBB,2017-06-13T12:35:00Z,975.13,22.0741354988557,23.0615921384445,22.1435866724007
BBBB,2017-06-13T12:36:00Z,974.82,22.0596501856707,23.1034293170432,22.1100545654565
BBBB,2017-06-13T12:37:00Z,975.915,22.059316368649,23.1263827605216,22.1153150412792
BBBB,2017-06-13T12:38:00Z,976.755,22.0463318542934,23.0892976081155,22.100794896772
BBBB,2017-06-13T12:39:00Z,976.545,22.0335256990797,23.0382472386232,22.0862013060978
BBBB,2017-06-13T12:40:00Z,977.215,22.0213848790752,22.9999254409613,22.0757899555217
BBBB,2017-06-13T12:41:00Z,977.76,21.9884515131758,22.9576526879481,22.0423156536651
BBBB,2017-06-13T12:42:00Z,977.765,21.9876992091387,22.9575729724535,22.0434167564579
BBBB,2017-06-13T12:43:00Z,977.925,21.9940533156827,22.9299508623093,22.050862511241
BBBB,2017-06-13T12:44:00Z,978.24,21.9617683241707,22.9590263071644,22.019624607703
BBBB,2017-06-13T12:45:00Z,978.08,21.9621419682,22.9775853386524,22.018985947708
BBBB,2017-06-13T12:46:00Z,978.28,21.9623376229879,22.9899601540162,22.0192899391218
BBBB,2017-06-13T12:47:00Z,977.985,21.9629010549479,22.9845456089359,22.0212240224374
BBBB,2017-06-13T12:48:00Z,977.815,21.9626053548616,22.9590345029975,22.0210089529648
BBBB,2017-06-13T12:49:00Z,978.29,21.9729853440191,22.9445263840957,22.0299922785529
BBBB,2017-06-13T12:50:00Z,978.225,21.9694885588567,22.9629554164161,22.0265612470387
BBBB,2017-06-13T12:51:00Z,978.155,21.9694833674695,22.9626722261198,22.0262694105043
BBBB,2017-06-13T12:52:00Z,977.39,21.9558935355617,22.9500174210755,22.0064041934195
BBBB,2017-06-13T12:53:00Z,977.245,21.9789566174956,22.9812049585393,22.0313931971371
BBBB,2017-06-13T12:54:00Z,976.8,21.9694956072334,23.0007400334824,22.0238941098962
BBBB,2017-06-13T12:55:00Z,977.175,21.9669919799574,23.0065802361859,22.0207907718956
BBBB,2017-06-13T12:56:00Z,976.905,21.9642100232996,22.9724918496601,22.0179891563583
BBBB,2017-06-13T12:57:00Z,977.41,21.9649959008994,22.9875812986779,22.0201735448512
BBBB,2017-06-13T12:58:00Z,977.54,21.9624479033393,22.9802299456309,22.0179101298026
BBBB,2017-06-13T12:59:00Z,977.315,21.9585497921755,22.9828982409344,22.0136459498364
BBBB,2017-06-13T13:00:00Z,977.345,21.956919674113,22.9618437350062,22.0122310791955
BBBB,2017-06-13T13:01:00Z,977.215,21.9682034030422,22.9273751149323,22.0236535119561
BBBB,2017-06-13T13:02:00Z,977.235,21.9543370206575,22.8959797014976,22.0055240246409
BBBB,2017-06-13T13:03:00Z,976.665,21.9739667973916,22.9036932895553,22.0282268968419
BBBB,2017-06-13T13:04:00Z,976.615,21.9761996596277,22.906338415223,22.0296503011494
BBBB,2017-06-13T13:05:00Z,976.435,21.9778524800455,22.9076582080348,22.0295775553721
BBBB,2017-06-13T13:06:00Z,976.61,21.9556934833803,22.9241050415799,22.0023812379976
BBBB,2017-06-13T13:07:00Z,976.31,21.9498899810603,22.9114655379413,21.9964082116284
BBBB,2017-06-13T13:08:00Z,976.16,21.9386020207307,22.9045713595751,21.9842176925671
BBBB,2017-06-13T13:09:00Z,976.18,21.9386278637668,22.9188144762937,21.9829288397012
BBBB,2017-06-13T13:10:00Z,975.625,21.9495292448159,22.8949980058448,21.9957450138951
BBBB,2017-06-13T13:11:00Z,975.46,21.9479604560952,22.9612841434092,21.9919770700307
BBBB,2017-06-13T13:12:00Z,975.44,21.943052184984,22.9664137103073,21.9873966054875
BBBB,2017-06-13T13:13:00Z,975.975,21.9360561007957,22.9713275613442,21.9833769216339
BBBB,2017-06-13T13:14:00Z,976.43,21.9360949497119,22.9984070088322,21.9826657652156
BBBB,2017-06-13T13:15:00Z,976.45,21.9329896876079,22.9831137838433,21.9802253135939
BBBB,2017-06-13T13:16:00Z,976,21.9341061409622,22.9325214402908,21.9812693707255
BBBB,2017-06-13T13:17:00Z,976.135,21.9317670878738,22.9397010021241,21.9787422452662
BBBB,2017-06-13T13:18:00Z,976.325,21.940627679143,22.9087627244856,21.9897006593601
BBBB,2017-06-13T13:19:00Z,976.5,21.9402043471944,22.9158437450221,21.9907566740083
BBBB,2017-06-13T13:20:00Z,976.84,21.9656354815236,22.9139365397006,22.0227641638241
BBBB,2017-06-13T13:21:00Z,977.21,21.9432040208306,22.9046916326873,21.9994933764506
BBBB,2017-06-13T13:22:00Z,976.745,21.946536255879,22.9266813937834,22.009421190612
BBBB,2017-06-13T13:23:00Z,976.88,21.9370826269134,22.9252462814346,21.9997615479124
BBBB,2017-06-13T13:24:00Z,977.17,21.9297279406853,22.9385415527173,21.9940258931963
BBBB,2017-06-13T13:25:00Z,977.06,21.9246920966813,22.8867980751203,21.9896615681199
BBBB,2017-06-13T13:26:00Z,976.95,21.9811990815553,22.8632367831134,22.0545690963808
BBBB,2017-06-13T13:27:00Z,977.195,22.0206666183565,22.847686091891,22.0996527594968
BBBB,2017-06-13T13:28:00Z,976.935,22.0186784916892,22.8374676640676,22.0974445073126
BBBB,2017-06-13T13:29:00Z,977.265,22.0096691998096,22.8647725718146,22.0894490187694
BBBB,2017-06-13T13:30:00Z,977.695,22.0146556851104,22.7983732231674,22.0974600766019
BBBB,2017-06-13T13:31:00Z,977.81,22.0058780156685,22.7479953230806,22.0871584834728
BBBB,2017-06-13T13:32:00Z,977.33,22.0024310630757,22.7762829432829,22.0827904052468
BBBB,2017-06-13T13:33:00Z,977.365,22.002632575207,22.7780336001538,22.0830560845481
BBBB,2017-06-13T13:34:00Z,977.07,22.0021525070715,22.7901487137311,22.0821061235364
BBBB,2017-06-13T13:35:00Z,977.355,21.9907278039612,22.8013534128765,22.0688296640453
BBBB,2017-06-13T13:36:00Z,977.585,21.9587407323305,22.809287005299,22.0342988704957
BBBB,2017-06-13T13:37:00Z,977.175,21.9786779745749,22.8241864372417,22.055801566944
BBBB,2017-06-13T13:38:00Z,977.46,21.9816896205678,22.8408083806673,22.058169635622
BBBB,2017-06-13T13:39:00Z,977.755,21.9462693821958,22.8438919541845,22.0205511966757
BBBB,2017-06-13T13:40:00Z,977.905,21.9562030394671,22.7842833498137,22.0336237416749
BBBB,2017-06-13T13:41:00Z,977.22,21.9547564227981,22.7233064006879,22.0299879027106
BBBB,2017-06-13T13:42:00Z,976.78,21.9025969947168,22.7520686627185,21.969146020318
BBBB,2017-06-13T13:43:00Z,976.82,21.890808257073,22.7630325360316,21.9559008498877
BBBB,2017-06-13T13:44:00Z,976.265,21.9120551067312,22.8716380609291,21.9743510834262
BBBB,2017-06-13T13:45:00Z,976.35,21.9038773426183,22.8371157844383,21.9708893855085
BBBB,2017-06-13T13:46:00Z,976.195,21.8766153480271,22.8256104718068,21.9389013888464
BBBB,2017-06-13T13:47:00Z,975.45,21.8302354064112,22.7781739139366,21.879839033928
BBBB,2017-06-13T13:48:00Z,974.735,21.825044001239,22.8673447038255,21.8740845663954
BBBB,2017-06-13T13:49:00Z,974.215,21.804796079254,22.8260670840985,21.8463629314856
BBBB,2017-06-13T13:50:00Z,974.77,21.8258268054618,22.7911427778685,21.8695529445983
BBBB,2017-06-13T13:51:00Z,974.515,21.8164482581749,22.7499729223319,21.8585881085092
BBBB,2017-06-13T13:52:00Z,974.72,21.8244803655411,22.7721645810012,21.8688268349072
BBBB,2017-06-13T13:53:00Z,976.055,21.9007964490122,22.8406526923533,21.9600935888525
BBBB,2017-06-13T13:54:00Z,975.42,21.8901114214296,22.7733465240253,21.9522648147647
BBBB,2017-06-13T13:55:00Z,975.285,21.8866115764222,22.7497644867051,21.94843958676
BBBB,2017-06-13T13:56:00Z,974.61,21.8985830178907,22.7805574584489,21.9548628256644
BBBB,2017-06-13T13:57:00Z,974.885,21.8877315448988,22.7616688633839,21.9500425120877
BBBB,2017-06-13T13:58:00Z,975.42,21.8669037009833,22.7510006804786,21.9280365654718
BBBB,2017-06-13T13:59:00Z,975.65,21.8623714393081,22.7540808851298,21.9234645724915
BBBB,2017-06-13T14:00:00Z,975.52,21.8613409438814,22.7445648622271,21.9225686125954
BBBB,2017-06-13T14:01:00Z,975.38,21.8627334986601,22.841720423571,21.922869657533
BBBB,2017-06-13T14:02:00Z,975.395,21.8638563066057,22.8502804643922,21.9246579637166
BBBB,2017-06-13T14:03:00Z,975.625,21.893010927178,22.7145781821521,21.9580661988621
BBBB,2017-06-13T14:04:00Z,975.36,21.8916669682731,22.7173833351358,21.9580189652675
BBBB,2017-06-13T14:05:00Z,975.85,21.8893615318657,22.7328766364401,21.9565823284287
BBBB,2017-06-13T14:06:00Z,975.67,21.8476217673878,22.7185902633437,21.909389468155
BBBB,2017-06-13T14:07:00Z,975.705,21.8385916588455,22.7240705013167,21.8986736297747
BBBB,2017-06-13T14:08:00Z,976.535,21.7726208194977,22.7151207071825,21.8296289057173
BBBB,2017-06-13T14:09:00Z,976.765,21.7716512598514,22.6866539912407,21.8274320074761
BBBB,2017-06-13T14:10:00Z,976.48,21.776873023388,22.6679839474326,21.8327512415123
BBBB,2017-06-13T14:11:00Z,976.6,21.7779197063156,22.6538359529006,21.8347470388041
BBBB,2017-06-13T14:12:00Z,976.4,21.756020847341,22.6688147604299,21.8121171780206
BBBB,2017-06-13T14:13:00Z,976.22,21.7690534824032,22.6410532450797,21.8282043055189
BBBB,2017-06-13T14:14:00Z,976.39,21.7690598766228,22.640254318003,21.8291252422802
BBBB,2017-06-13T14:15:00Z,976.98,21.7486527940259,22.6520385032432,21.8085181801077
BBBB,2017-06-13T14:16:00Z,976.53,21.7561406746407,22.6548677269953,21.8164373235358
BBBB,2017-06-13T14:17:00Z,976.67,21.7455550203521,22.639367140751,21.8050900333103
BBBB,2017-06-13T14:18:00Z,976.41,21.7535225028441,22.6479584119245,21.8146087436837
BBBB,2017-06-13T14:19:00Z,976.345,21.7338048617065,22.6304974737815,21.7920870762572
BBBB,2017-06-13T14:20:00Z,976.22,21.7427808249145,22.6066311693493,21.8021333404556
BBBB,2017-06-13T14:21:00Z,976.665,21.7313567353179,22.610852861405,21.7909628709782
BBBB,2017-06-13T14:22:00Z,976.35,21.7353675981811,22.5907992538433,21.8011394704875
BBBB,2017-06-13T14:23:00Z,975.63,21.853243454076,22.6795633025671,21.9255495800738
BBBB,2017-06-13T14:24:00Z,975.505,21.67456864376,22.6918895343842,21.7178397456322
BBBB,2017-06-13T14:25:00Z,975.24,21.7705995589603,22.6883439891105,21.8259940555157
BBBB,2017-06-13T14:26:00Z,975.56,21.760067024148,22.6570208713143,21.8170022160895
BBBB,2017-06-13T14:27:00Z,975.7,21.7309395632349,22.6348162957931,21.7882426362422
BBBB,2017-06-13T14:28:00Z,975.705,21.7121728186576,22.5801522299772,21.7696631313226
BBBB,2017-06-13T14:29:00Z,975.84,21.7023878719756,22.578869519376,21.7583150894326
BBBB,2017-06-13T14:30:00Z,975.665,21.7015967919514,22.5647240242395,21.7582268690635
BBBB,2017-06-13T14:31:00Z,976.235,21.6507307815046,22.5404571177246,21.7086287742035
BBBB,2017-06-13T14:32:00Z,976.32,21.6453278885211,22.5412450115727,21.7024673739078
BBBB,2017-06-13T14:33:00Z,975.21,21.6516016587275,22.5556328243631,21.7078712361751
BBBB,2017-06-13T14:34:00Z,975.725,21.6327380447583,22.5342663156882,21.6891811249596
BBBB,2017-06-13T14:35:00Z,976.145,21.6248801066464,22.4931435847101,21.6836452957764
BBBB,2017-06-13T14:36:00Z,976.28,21.6148765018491,22.4857842559532,21.6726279367205
BBBB,2017-06-13T14:37:00Z,977.005,21.6361520803557,22.4633462871265,21.6967102270762
BBBB,2017-06-13T14:38:00Z,976.385,21.6054139731896,22.4331865821932,21.6640733563279
BBBB,2017-06-13T14:39:00Z,976.435,21.635475526497,22.4163944016973,21.6998283812552
BBBB,2017-06-13T14:40:00Z,977.075,21.6666599602,22.4376488839844,21.7335337280332
BBBB,2017-06-13T14:41:00Z,977.25,21.5747474617901,22.3927657947661,21.6338389502211
BBBB,2017-06-13T14:42:00Z,976.87,21.5670472351332,22.3331508242751,21.6249164963697
BBBB,2017-06-13T14:43:00Z,977.475,21.5531768003258,22.3124285534885,21.6111214937165
BBBB,2017-06-13T14:44:00Z,977.225,21.5285326481243,22.3573066603814,21.5866254881432
BBBB,2017-06-13T14:45:00Z,977.05,21.5058176911685,22.2222682444528,21.5678140546477
BBBB,2017-06-13T14:46:00Z,976.755,21.5247092587655,22.1885975221673,21.595631783033
BBBB,2017-06-13T14:47:00Z,976.805,21.5214148731974,22.1732764067529,21.5921512333143
BBBB,2017-06-13T14:48:00Z,976.69,21.5122234069283,22.1360614375874,21.5815044534074
BBBB,2017-06-13T14:49:00Z,976.34,21.5192897953689,22.1469637172957,21.5900498186489
BBBB,2017-06-13T14:50:00Z,976.63,21.5512362739282,22.1473742657905,21.6266332269467
BBBB,2017-06-13T14:51:00Z,976.84,21.5425830930492,22.1638646015425,21.6181326665799
BBBB,2017-06-13T14:52:00Z,977.24,21.5392625584444,22.1438420937847,21.6227766131962
BBBB,2017-06-13T14:53:00Z,977.05,21.5475447093516,22.124257104028,21.6346767146384
BBBB,2017-06-13T14:54:00Z,977.005,21.5502946245595,22.1537955918117,21.640100037365
BBBB,2017-06-13T14:55:00Z,976.96,21.5552103167121,22.1790536402662,21.6477305821165
BBBB,2017-06-13T14:56:00Z,976.92,21.546730758775,22.2175980525418,21.6387188041161
BBBB,2017-06-13T14:57:00Z,976.835,21.5412209744862,22.188072173562,21.6281315224275
BBBB,2017-06-13T14:58:00Z,977.195,21.5672075954267,22.1506629748131,21.6587084684835
BBBB,2017-06-13T14:59:00Z,977.165,21.5630930216185,22.1466048074361,21.6538606016281
BBBB,2017-06-13T15:00:00Z,977,21.5262646500647,22.1050047581101,21.6135758390656
BBBB,2017-06-13T15:01:00Z,977.125,21.5232793032604,22.1064318262416,21.6099447756966
BBBB,2017-06-13T15:02:00Z,977.17,21.5254171860865,22.1158369554536,21.6136120115298
BBBB,2017-06-13T15:03:00Z,977.3,21.524304907211,22.0876005166547,21.6129645040572
BBBB,2017-06-13T15:04:00Z,977.24,21.5220895750427,22.0816731660389,21.6101203717128
BBBB,2017-06-13T15:05:00Z,977.585,21.4083814471349,22.0719335608712,21.4828888087284
BBBB,2017-06-13T15:06:00Z,977.745,21.4036354758178,22.0482267816342,21.4761057015193
BBBB,2017-06-13T15:07:00Z,977.77,21.4256172655879,22.0395940310782,21.5017401130807
BBBB,2017-06-13T15:08:00Z,977.17,21.4245936484059,21.9848218160381,21.4970502831141
BBBB,2017-06-13T15:09:00Z,977.85,21.4131983947553,22.0247188896812,21.4861090935336
BBBB,2017-06-13T15:10:00Z,977.92,21.4157941261714,22.0396255921069,21.4903469671792
BBBB,2017-06-13T15:11:00Z,977.405,21.4178568874979,22.0352563924233,21.4919569692224
BBBB,2017-06-13T15:12:00Z,977.28,21.4153721942523,22.0525682668498,21.4874451972481
BBBB,2017-06-13T15:13:00Z,977.61,21.4141741218996,22.0064588580049,21.4865630159094
BBBB,2017-06-13T15:14:00Z,977.985,21.3975272421117,22.0395042614372,21.475524270496
BBBB,2017-06-13T15:15:00Z,978.255,21.3705135728605,22.0420024576786,21.4465351677676
BBBB,2017-06-13T15:16:00Z,978.225,21.3479097540955,22.0165906153722,21.4248120903904
BBBB,2017-06-13T15:17:00Z,978.21,21.373622755688,22.0025904741029,21.4524882564222
BBBB,2017-06-13T15:18:00Z,978.375,21.3502411574402,21.9966155390278,21.4260253566519
BBBB,2017-06-13T15:19:00Z,979.105,21.3514925677106,21.985627823061,21.4293798816638
BBBB,2017-06-13T15:20:00Z,979.04,21.3339820108763,21.9835453697047,21.4107097142674
BBBB,2017-06-13T15:21:00Z,979.185,21.3227147569968,21.9624001278691,21.3961464035145
BBBB,2017-06-13T15:22:00Z,979.5,21.3138303273909,21.9105239146412,21.3880413179668
BBBB,2017-06-13T15:23:00Z,980.43,21.3305290103761,21.8988945996001,21.4080113420985
BBBB,2017-06-13T15:24:00Z,980.69,21.3081194934378,21.9042520800462,21.3856953264512
BBBB,2017-06-13T15:25:00Z,980.7,21.2852982241614,21.8361625278621,21.3606136809968
BBBB,2017-06-13T15:26:00Z,980.975,21.3211359121319,21.8401190422931,21.4014915813204
BBBB,2017-06-13T15:27:00Z,981.755,21.3348291566463,21.7752241919245,21.4140041571261
BBBB,2017-06-13T15:28:00Z,981.9,21.3561239610517,21.7638646960248,21.4372929308019
BBBB,2017-06-13T15:29:00Z,981.91,21.3530102657008,21.7457011039253,21.4372451039855
BBBB,2017-06-13T15:30:00Z,982.745,21.3640181894823,21.7410162219797,21.4477338779832
BBBB,2017-06-13T15:31:00Z,982.145,21.3591931210347,21.7413193498714,21.4415577563139
BBBB,2017-06-13T15:32:00Z,981.72,21.3464205083649,21.8615422455625,21.424260482081
BBBB,2017-06-13T15:33:00Z,981.99,21.3470144142691,21.8294481359876,21.4255133114892
BBBB,2017-06-13T15:34:00Z,982.4,21.3496688151552,21.8537152728939,21.4290088270636
BBBB,2017-06-13T15:35:00Z,982.755,21.3658003548577,21.7182488535876,21.4437390457185
BBBB,2017-06-13T15:36:00Z,983.195,21.335809122052,21.7053063253674,21.4100637975116
BBBB,2017-06-13T15:37:00Z,984.22,21.3181677217695,21.795176514817,21.392794596326
BBBB,2017-06-13T15:38:00Z,983.035,21.3529062484442,21.7911368775841,21.4282256172069
BBBB,2017-06-13T15:39:00Z,983.57,21.3420925147762,21.8351281255476,21.4162978068006
BBBB,2017-06-13T15:40:00Z,982.935,21.3428862046466,21.8234484004006,21.4186639088538
BBBB,2017-06-13T15:41:00Z,983.14,21.3772436424649,21.8888546020249,21.4558050907064
BBBB,2017-06-13T15:42:00Z,982.265,21.3436827972056,21.9136164534569,21.4128223175459
BBBB,2017-06-13T15:43:00Z,982.28,21.3707834632349,21.9007162647715,21.4425760751292
BBBB,2017-06-13T15:44:00Z,981.5,21.3925052283062,21.9425873558265,21.4649077677092
BBBB,2017-06-13T15:45:00Z,982.445,21.3782889629292,21.9079020718189,21.4485633321291
BBBB,2017-06-13T15:46:00Z,982.675,21.3850437800627,21.9280647540295,21.4546931752471
BBBB,2017-06-13T15:47:00Z,982.4,21.3659855379014,21.9257189460644,21.4346304848755
BBBB,2017-06-13T15:48:00Z,982.375,21.3669184812509,21.909865887149,21.4380362216069
BBBB,2017-06-13T15:49:00Z,982.435,21.3732237256575,21.903455607716,21.4449748812644
BBBB,2017-06-13T15:50:00Z,982.66,21.3920247453032,21.9543328697682,21.4653855105338
BBBB,2017-06-13T15:51:00Z,982.25,21.3788156276581,21.973380151054,21.4502114784415
BBBB,2017-06-13T15:52:00Z,981.87,21.3917524762394,21.9318141331151,21.4631914694139
BBBB,2017-06-13T15:53:00Z,980.76,21.4088806776209,21.8727320955963,21.4789105315593
BBBB,2017-06-13T15:54:00Z,980.59,21.4304875867389,22.052178363123,21.4954170028556
BBBB,2017-06-13T15:55:00Z,980.175,21.4547909453713,22.144814328471,21.5189905671194
BBBB,2017-06-13T15:56:00Z,980.12,21.4608128615358,22.1929628263102,21.5276213411822
BBBB,2017-06-13T15:57:00Z,979.785,21.4513138310732,22.0281538077808,21.5181345044892
BBBB,2017-06-13T15:58:00Z,979.82,21.4377496450189,21.9523489670702,21.5026556356721
BBBB,2017-06-13T15:59:00Z,979.755,21.5023644049579,21.9985681644882,21.5680437480672
BBBB,2017-06-13T16:00:00Z,980.805,21.5955925379137,21.9557517728816,21.6921244795813
